company_name,ipo_issue_type,ipo_issue_price_final,listing_date,il_bse_script_code,il_nse_script_symbol,ipo_issue_size_crore,change_in_percentage_listing_day,ildt_open_price,ildt_close_price,ildt_high_price,ildt_low_price,qib,nii,rii,emp,total,last_modified_date,year
Prince Pipes & Fittings Ltd.,IPO,178,30-12-2019,542907,PRINCEPIPE,500,-6.24,160,166.9,177.9,152.5,2.02,0.52,1.63,,1.66,14-07-2026,2019
Ujjivan Small Finance Bank Ltd.,IPO,37,12-12-2019,542904,UJJIVANSFB,745.95,51.22,58.75,55.95,62.8,53.05,46.3,473.33,45.29,,99.61,14-07-2026,2019
CSB Bank Ltd.,IPO,195,04-12-2019,542867,CSBBANK,409.68,53.87,275,300.05,306.8,275,25.52,164.27,40.98,,47.88,14-07-2026,2019
Vishwaraj Sugar Industries Ltd.,IPO,60,15-10-2019,542852,VISHWARAJ,60,0.58,61.2,60.35,61.5,60.25,1,1.75,0.59,,1.09,14-07-2026,2019
Indian Railway Catering & Tourism Corp.Ltd.,IPO,320,14-10-2019,542830,IRCTC,637.97,127.42,626,727.75,743.8,625,105.55,351.03,13.28,0.88,109.21,14-07-2026,2019
Sterling & Wilson Solar Ltd.,IPO,780,20-08-2019,542760,SWSOLAR,2849.64,-6.9,706,726.2,753.45,690.1,1,0.94,0.93,,0.99,14-07-2026,2019
Spandana Sphoorty Financial Ltd.,IPO,856,19-08-2019,542759,SPANDANA,1189.85,-0.96,825,847.8,866,691.1,1.89,0.49,0.09,,1.05,14-07-2026,2019
Affle (India) Ltd.,IPO,745,08-08-2019,542752,AFFLE,459,17.27,926,873.65,958.7,750,22.57,198.34,10.23,,47.7,14-07-2026,2019
IndiaMART InterMESH Ltd.,IPO,973,04-07-2019,542726,INDIAMART,475.49,33.81,1180,1301.95,1338,1180,12.95,62.08,13.15,3.98,20.31,14-07-2026,2019
Neogen Chemicals Ltd.,IPO,215,08-05-2019,542665,NEOGEN,132.35,22.58,251,263.55,263.55,250.5,12.94,114.06,15.38,,28.96,14-07-2026,2019
Polycab India Ltd.,IPO,538,16-04-2019,542652,POLYCAB,1345.26,21.71,633,654.8,667.8,630,37.88,108.64,4.36,1.43,36.51,14-07-2026,2019
Metropolis Healthcare Ltd.,IPO,880,15-04-2019,542650,METROPOLIS,1204.29,9.07,958,959.85,982.7,935,4.19,2.75,2.05,0.03,3.68,14-07-2026,2019
Rail Vikas Nigam Ltd.,IPO,19,11-04-2019,542649,RVNL,476.86,0.26,19,19.05,19.8,18.65,1.36,0.67,2.64,0.54,1.7,14-07-2026,2019
MSTC Ltd.,IPO,120,29-03-2019,542597,MSTCLTD,211.04,-5.04,115,113.95,120,111,1.13,1.69,2.65,1.22,1.36,14-07-2026,2019
Chalet Hotels Ltd.,IPO,280,07-02-2019,542399,CHALET,1641.18,4.18,291,291.7,300,250,2.51,0.99,0.02,,1.41,14-07-2026,2019
Xelpmoc Design & Tech Ltd.,IPO,66,04-02-2019,542367,XELPMOC,23,-9.32,57,59.85,59.85,55.15,1.68,8.21,2.31,,2.72,14-07-2026,2019
Mrs.Bectors Food Specialities Ltd.,IPO,288,24-12-2020,543253,BECTORFOOD,540.54,106.32,500,594.2,600,500,71.83,619.66,25.44,1.89,137.63,14-07-2026,2020
Burger King India Ltd.,IPO,60,14-12-2020,543248,RBA,810,125,112.5,135,135,108.4,35.18,357.06,56.92,,85.64,14-07-2026,2020
Gland Pharma Ltd.,IPO,1500,20-11-2020,543245,GLAND,6479.55,21.3,1710,1819.55,1850,1700,3.16,0.5,0.19,,1.72,14-07-2026,2020
Equitas Small Finance Bank Ltd.,IPO,33,02-11-2020,543243,EQUITASBNK,517.6,-0.61,31.1,32.8,33.15,30.05,2.15,0.16,1.53,1.53,1.53,14-07-2026,2020
Likhitha Infrastructure Ltd.,IPO,120,15-10-2020,543240,LIKHITHA,61.2,13.75,130,136.5,136.5,125,21,1.45,19.48,,7.96,14-07-2026,2020
UTI Asset Management Co.Ltd.,IPO,554,12-10-2020,543238,UTIAMC,2159.88,-14.04,500,476.2,529.95,471.1,1.96,0.58,1.97,0.96,1.75,14-07-2026,2020
Mazagon Dock Shipbuilders Ltd.,IPO,145,12-10-2020,543237,MAZDOCK,443.69,18.59,214.9,171.95,216.95,171.95,89.87,673.67,32.15,3.85,155.51,14-07-2026,2020
Angel Broking Ltd.,IPO,306,05-10-2020,543235,ANGELONE,600,-9.87,275,275.8,296.7,257,2.9,0.51,3.36,,2.7,14-07-2026,2020
Computer Age Management Services Ltd.,IPO,1230,01-10-2020,543232,CAMS,2243.12,13.95,1518,1401.6,1550,1306.2,29.9,111.31,4.85,0.54,33.02,14-07-2026,2020
Chemcon Speciality Chemicals Ltd.,IPO,340,01-10-2020,543233,CHEMCON,318,72,731,584.8,731.25,584.8,44.62,445.91,35.79,,101.72,14-07-2026,2020
Route Mobile Ltd.,IPO,350,21-09-2020,543228,ROUTE,600,86.09,717,651.3,735,625,37.31,193.78,11.54,,51.76,14-07-2026,2020
Happiest Minds Technologies Ltd.,IPO,166,17-09-2020,543227,HAPPSTMNDS,702.02,123.46,350,370.95,394.95,350,31.96,348.43,60.3,,82.26,14-07-2026,2020
Rossari Biotech Ltd.,IPO,425,23-07-2020,543213,ROSSARI,496.25,74.51,669.25,741.65,803.1,664,34.83,236.79,6.2,,55.11,14-07-2026,2020
SBI Cards & Payment Services Ltd.,IPO,755,16-03-2020,543066,SBICARD,10300,-9.75,661,681.4,755,656,23.41,43.42,2.17,4.65,19.21,14-07-2026,2020
CMS Info Systems Ltd.,IPO,216,31-12-2021,543441,CMSINFO,1100,10.28,220.2,238.2,259.6,215.1,1.44,0.86,1.26,,1.29,14-07-2026,2021
Supriya Lifescience Ltd.,IPO,274,28-12-2021,543434,SUPRIYA,700,42.65,421,390.85,421,383.2,13.76,162.87,49.31,,39.68,14-07-2026,2021
HP Adhesives Ltd.,IPO,274,27-12-2021,543433,HPAL,125.96,20.71,315,330.75,330.75,315,1.32,18.21,47.27,,8.45,14-07-2026,2021
Data Patterns (India) Ltd.,IPO,585,24-12-2021,543428,DATAPATTNS,588.22,29.06,856.05,755,864,743.85,74.99,254.89,20.21,,82.8,14-07-2026,2021
Medplus Health Services Ltd.,IPO,796,23-12-2021,543427,MEDPLUS,1398.29,40.85,1040,1121.15,1143.9,1040,46.21,86.27,4.17,1.37,37.36,14-07-2026,2021
Metro Brands Ltd.,IPO,500,22-12-2021,543426,METROBRAND,1367.5,-1.33,437,493.35,507.9,426,4.01,2.69,0.63,,2.63,14-07-2026,2021
C.E.Info systems Ltd.,IPO,1033,21-12-2021,543425,MAPMYINDIA,1039.61,34.91,1565,1393.65,1590,1282.6,79.28,423.61,13.18,,107.8,14-07-2026,2021
Shriram Properties Ltd.,IPO,118,20-12-2021,543419,SHRIRAMPPS,600.04,-15.59,90,99.6,106.4,90,1.37,2.52,8.05,0.86,2.2,14-07-2026,2021
Rategain Travel Technologies Ltd.,IPO,425,17-12-2021,543417,RATEGAIN,1335.74,-19.99,360,340.05,383,333.85,3.97,41.63,5.46,0.98,9.73,14-07-2026,2021
Anand Rathi Wealth Ltd.,IPO,550,14-12-2021,543415,ANANDRATHI,659.38,6.1,600,583.55,615,565.55,1.63,24.4,5.62,1.07,6.33,14-07-2026,2021
Tega Industries Ltd.,IPO,453,13-12-2021,543413,TEGA,619.23,60.28,760,726.05,767.7,712.25,86.54,661.87,25.84,,151.6,14-07-2026,2021
Star Health & Allied Insurance Co.Ltd.,IPO,900,10-12-2021,543412,STARHEALTH,6018.68,0.76,845,906.85,940,828,1.01,0.67,0.59,0.82,0.95,14-07-2026,2021
Go Fashion (India) Ltd.,IPO,690,30-11-2021,543401,GOCOLORS,1013.61,81.7,1310,1253.7,1339.9,1143.1,40.74,259.01,42.26,,73.63,14-07-2026,2021
Tarsons Products Ltd.,IPO,662,26-11-2021,543399,TARSONS,1023.54,23.63,682,818.4,818.4,680,46.9,183.36,8.89,0.82,53.86,14-07-2026,2021
Latent View Analytics Ltd.,IPO,197,23-11-2021,543398,LATENTVIEW,600,148.1,512.2,488.75,548,461.1,60.57,875.55,106.09,1.51,185.32,14-07-2026,2021
One 97 Communications Ltd.,IPO,2150,18-11-2021,543396,PAYTM,18300,-27.4,1950,1560.8,1955,1560,1.76,0.23,1.27,,1.48,14-07-2026,2021
Sapphire Foods India Ltd.,IPO,1180,18-11-2021,543397,SAPPHIRE,2073.25,2.67,1350,1211.55,1380.05,1160,3.64,3.12,6.65,,3.86,14-07-2026,2021
S.J.S.Enterprises Ltd.,IPO,542,15-11-2021,543387,SJS,800,-5.87,542,510.2,551,505.6,1.28,1.82,0.77,,1.18,14-07-2026,2021
Sigachi Industries Ltd.,IPO,163,15-11-2021,543389,SIGACHI,125.43,267.18,570,598.5,598.5,570,32.54,163.23,68.94,,64.89,14-07-2026,2021
PB Fintech Ltd.,IPO,980,15-11-2021,543390,POLICYBZR,5709.71,22.68,1150,1202.3,1248.9,1149,11.61,8.02,2.65,,10.17,14-07-2026,2021
Fino Payments Bank Ltd.,IPO,577,12-11-2021,543386,FINOPB,1200.29,-5.74,544.35,543.9,582.95,511.05,1.26,0.15,3.78,0.38,1.34,14-07-2026,2021
FSN E-Commerce Ventures Ltd.,IPO,1125,10-11-2021,543384,NYKAA,5349.72,96.07,2018,2205.8,2248,2000,37.54,110.16,10.28,1.1,45.47,14-07-2026,2021
Aditya Birla Sun Life AMC Ltd.,IPO,712,11-10-2021,543374,ABSLAMC,2768.26,-1.76,715,699.45,722.9,695.35,4.74,2.71,2.36,,3.58,14-07-2026,2021
Paras Defence & Space Technologies Ltd.,IPO,175,01-10-2021,543367,PARAS,170.78,181.4,469,492.45,492.45,460,70.75,962.89,100.8,,215.09,14-07-2026,2021
Sansera Engineering Ltd.,IPO,744,24-09-2021,543358,SANSERA,1282.52,10.02,811.5,818.55,841.95,801,11.19,11.16,2.34,1.36,8.03,14-07-2026,2021
Vijaya Diagnostic Centre Ltd.,IPO,531,14-09-2021,543350,VIJAYA,1894.43,16.78,540,620.1,648,532.5,5.84,0.88,0.7,0.78,3.29,14-07-2026,2021
Aptus Value Housing Finance India Ltd.,IPO,353,24-08-2021,543335,APTUS,2780.05,-1.73,333,346.9,354.8,333,13.58,32.71,1.04,,12.06,14-07-2026,2021
Chemplast Sanmar Ltd.,IPO,541,24-08-2021,543336,CHEMPLASTS,3850,-1,550,535.6,550,510,1.72,1.02,1.64,,1.61,14-07-2026,2021
Nuvoco Vistas Corp.Ltd.,IPO,570,23-08-2021,543334,NUVOCO,5000,-6.72,485,531.7,550,485,2.34,0.6,0.53,,1.45,14-07-2026,2021
CarTrade Tech Ltd.,IPO,1618,20-08-2021,543333,CARTRADE,2998.51,-7.23,1599.8,1501.05,1618,1475,14.73,39.85,2.3,,14.15,14-07-2026,2021
Krsnaa Diagnostics Ltd.,IPO,954,16-08-2021,543328,KRSNAA,1213.33,3.46,1005.55,987,1099.7,960,20.55,114.47,37.15,0.58,35.65,14-07-2026,2021
Devyani International Ltd.,IPO,90,16-08-2021,543330,DEVYANI,1838,37.22,140.9,123.5,140.9,120.8,38.63,212.03,34,1.88,64.01,14-07-2026,2021
Exxaro Tiles Ltd.,IPO,120,16-08-2021,543327,EXXARO,160.78,10.25,126,132.3,132.3,126,7.81,4.56,32.2,0.95,16.12,14-07-2026,2021
Windlas Biotech Ltd.,IPO,460,16-08-2021,543329,WINDLAS,401.54,-11.49,437,407.15,452,405,10.23,14.76,20.59,,14.54,14-07-2026,2021
Rolex Rings Ltd.,IPO,900,09-08-2021,543325,ROLEXRINGS,731,29.67,1250,1167,1263,1105,57.88,355.67,21.67,,89.88,14-07-2026,2021
Glenmark Life Sciences Ltd.,IPO,720,06-08-2021,543322,ALIVUS,1513.6,3.96,750,748.5,799,738,15.51,124.82,12.98,,31.02,14-07-2026,2021
Tatva Chintan Pharma Chem Ltd.,IPO,1083,29-07-2021,543321,TATVA,500,113.5,2111.85,2312.2,2534.2,2111.85,76.15,503.11,31.37,,124.52,14-07-2026,2021
Zomato Ltd.,IPO,76,23-07-2021,543320,ETERNAL,9375,65.59,115,125.85,138,114,22.53,34.44,6.34,0.43,22.58,14-07-2026,2021
G R Infraprojects Ltd.,IPO,837,19-07-2021,543317,GRINFRA,962.37,108.73,1715.85,1747.1,1838,1550,68.18,236.95,11.11,0.97,72.11,14-07-2026,2021
Clean Science & Technology Ltd.,IPO,900,19-07-2021,543318,CLEAN,1546.62,76.14,1755,1585.25,1770.65,1555.05,65.42,206.03,8.09,,66.45,14-07-2026,2021
India Pesticides Ltd.,IPO,296,05-07-2021,543311,IPL,800,15.93,350,343.15,368,340.05,18.11,52.96,9.66,,20.38,14-07-2026,2021
Dodla Dairy Ltd.,IPO,428,28-06-2021,543306,DODLA,520.18,42.5,550,609.9,652,550,34.55,73.33,9.7,,31.67,14-07-2026,2021
Krishna Institute of Medical Sciences Ltd.,IPO,825,28-06-2021,543308,KIMS,2143.74,20.84,1009,996.95,1059,950,2.74,1.81,2.13,0.83,2.52,14-07-2026,2021
Shyam Metalics & Energy Ltd.,IPO,306,24-06-2021,543299,SHYAMMETL,908.8,22.92,380,376.15,399,370,63.52,334.48,10,0.45,84.58,14-07-2026,2021
Sona BLW Precision Forgings Ltd.,IPO,291,24-06-2021,543300,SONACOMS,5550,24.12,301,361.2,361.2,295,2.03,0.36,1.21,,1.69,14-07-2026,2021
Macrotech Developers Ltd.,IPO,486,19-04-2021,543287,LODHA,2500,-4.27,436,465.25,478,422.6,1.83,1.02,0.24,0.13,1.14,14-07-2026,2021
Nazara Technologies Ltd.,IPO,1101,30-03-2021,543280,NAZARA,582.69,44.6,1990,1592,2024.9,1592,42.3,387.66,67.76,1.46,96.29,14-07-2026,2021
Kalyan Jewellers India Ltd.,IPO,87,26-03-2021,543278,KALYANKJIL,1174.82,-13.56,73.95,75.2,81,72.9,1.75,1.35,2.18,1.21,1.84,14-07-2026,2021
Suryoday Small Finance Bank Ltd.,IPO,305,26-03-2021,543279,SURYODAY,581.98,-8.92,292,277.8,296.35,255,1.47,1.18,2.35,0.24,1.7,14-07-2026,2021
Craftsman Automation Ltd.,IPO,1490,25-03-2021,543276,CRAFTSMAN,823.7,-3.65,1359,1435.6,1490,1350,2.7,2.27,2.73,,2.64,14-07-2026,2021
Laxmi Organic Industries Ltd.,IPO,130,25-03-2021,543277,LXCHEM,600,26.5,155.5,164.45,174.6,143.25,71.29,218.79,18.03,,74.78,14-07-2026,2021
Anupam Rasayan India Ltd.,IPO,555,24-03-2021,543275,ANURAS,760,-5.08,520,526.8,548.95,502.25,27.06,97.7,9.42,1.17,31,14-07-2026,2021
Easy Trip Planners Ltd.,IPO,187,19-03-2021,543272,EASEMYTRIP,510,11.47,212.25,208.45,234,187.2,31.83,383.34,62.95,,87.67,14-07-2026,2021
MTAR Technologies Ltd.,IPO,575,15-03-2021,543270,MTARTECH,596.41,88.26,1050,1082.5,1154.9,1040,66.64,643.47,25.3,,138.7,14-07-2026,2021
Heranba Industries Ltd.,IPO,627,05-03-2021,543266,HERANBA,625.24,0,900,627,945,796.55,27.59,266.77,10.52,,57.49,14-07-2026,2021
RailTel Corp.of India Ltd.,IPO,94,26-02-2021,543265,RAILTEL,819.24,29.1,109,121.35,127.85,101,26.74,72.48,14.76,0.91,29.24,14-07-2026,2021
Nureca Ltd.,IPO,400,25-02-2021,543264,NURECA,100,61.44,615,645.75,645.75,584.25,1.85,30.19,140.53,0.13,19.76,14-07-2026,2021
Stove Kraft Ltd.,IPO,385,05-02-2021,543260,STOVEKRAFT,412.62,15.83,498,445.95,498,435,3.86,31.64,21.05,,9.75,14-07-2026,2021
Home First Finance Co.India Ltd.,IPO,518,03-02-2021,543259,HOMEFIRST,1153.72,1.84,618.8,527.55,640,522,21.91,37.68,5.76,,18.62,14-07-2026,2021
Indigo Paints Ltd.,IPO,1490,02-02-2021,543258,INDIGOPNTS,1169.12,109.2,2607.5,3117.15,3129,2436.05,76.5,261.93,13.74,1.16,81.62,14-07-2026,2021
Indian Railway Finance Corp.Ltd.,IPO,26,29-01-2021,543257,IRFC,4633.38,-4.62,24.9,24.8,25.8,24.35,2.14,2.34,2.88,0.94,2.43,14-07-2026,2021
Antony Waste Handling Cell Ltd.,IPO,315,01-01-2021,543254,AWHCL,299.99,29.32,436.1,407.35,489.9,395.55,4.46,18.57,13.72,,9.82,14-07-2026,2021
Elin Electronics Ltd.,IPO,247,30-12-2022,543725,ELIN,475,-7.83,244,227.65,245,225.6,2.53,3.35,2.26,,2.56,14-07-2026,2022
KFin Technologies Ltd.,IPO,366,29-12-2022,543720,KFINTECH,1500,-0.59,367,363.85,373,351,2.41,0.12,1.38,,1.96,14-07-2026,2022
Abans Holdings Ltd.,IPO,270,23-12-2022,543712,AFSL,345.6,-19.11,273,218.4,273,218.4,4.09,1.47,0.39,,1.08,14-07-2026,2022
Landmark Cars Ltd.,IPO,506,23-12-2022,543714,LANDMARK,552,-9.41,471,458.4,481.15,446.2,4.34,1.34,0.59,1.26,2.58,14-07-2026,2022
Sula Vineyards Ltd.,IPO,357,22-12-2022,543711,SULA,960.35,-7.24,358,331.15,363.4,328.6,2.33,1.45,1.58,,1.93,14-07-2026,2022
Uniparts India Ltd.,IPO,577,12-12-2022,543689,UNIPARTS,835.61,-6.47,575,539.65,577,536.5,26.93,19.55,4.63,,17.98,14-07-2026,2022
Dharmaj Crop Guard Ltd.,IPO,237,08-12-2022,543687,DHARMAJ,251.09,12.36,266.05,266.3,279,264.3,19.61,60.64,22.62,1.86,26.69,14-07-2026,2022
Keystone Realtors Ltd.,IPO,541,24-11-2022,543669,RUSTOMJEE,635,2.93,555,556.85,569.95,548,2.36,2.82,0.53,,1.79,14-07-2026,2022
Inox Green Energy Services Ltd.,IPO,65,23-11-2022,543667,INOXGREEN,740,-9.08,60,59.1,64,58.35,1.1,0.49,4.91,,1.39,14-07-2026,2022
Kaynes Technology India Ltd.,IPO,587,22-11-2022,543664,KAYNES,857.82,17.54,778,689.95,786,675.1,40.45,20.67,4.21,2.36,24.76,14-07-2026,2022
Archean Chemical Industries Ltd.,IPO,407,21-11-2022,543657,ACI,1462.3,12.57,450,458.15,476,440.2,20.35,13.77,10.06,,18.34,14-07-2026,2022
Five-Star Business Finance Ltd.,IPO,474,21-11-2022,543663,FIVESTAR,1588.51,3.38,468.8,490,543.6,448.2,1.68,0.82,0.14,,1.01,14-07-2026,2022
Global Health Ltd.,IPO,336,16-11-2022,543654,MEDANTA,2205.57,23.6,401,415.3,424.65,390.55,12.42,3.95,0.87,,7.11,14-07-2026,2022
Bikaji Foods International Ltd.,IPO,300,16-11-2022,543653,BIKAJI,880.86,5.82,322.8,317.45,334.7,314.2,30.19,7.06,4.64,0.95,17.63,14-07-2026,2022
Fusion Micro Finance Ltd.,IPO,368,15-11-2022,543652,FUSION,1103.99,-11.74,359.5,324.8,364.8,321.1,4.03,1.04,0.5,,2.35,14-07-2026,2022
DCX Systems Ltd.,IPO,207,11-11-2022,543650,DCXINDIA,500,49.18,286.25,308.8,319.75,286.25,37.02,46.05,63.7,,41.04,14-07-2026,2022
Tracxn Technologies Ltd.,IPO,80,20-10-2022,543638,TRACXN,309.38,16.56,84.5,93.25,100,83,1.37,0.71,4.64,,1.6,14-07-2026,2022
Electronics Mart India Ltd.,IPO,59,17-10-2022,543626,EMIL,500,43.22,90,84.5,91,83.1,71.85,66.93,20.33,,53.08,14-07-2026,2022
Harsha Engineers International Ltd.,IPO,330,26-09-2022,543600,HARSHA,755,47.42,450,486.5,527.65,430,76.81,69.41,17.95,2.23,54.91,14-07-2026,2022
Tamilnad Mercantile Bank Ltd.,IPO,510,15-09-2022,543596,TMB,807.84,-0.07,495,509.65,515,481,1.26,2.89,6,,1.98,14-07-2026,2022
Dreamfolks Services Ltd.,IPO,326,06-09-2022,543591,DREAMFOLKS,562.1,41.84,508.7,462.4,549,448,28.84,36.57,35.33,,30.65,14-07-2026,2022
Syrma SGS Technology Ltd.,IPO,220,26-08-2022,543573,SYRMA,840.13,41.14,260,310.5,312,256.4,39.83,17.68,4.37,,24.1,14-07-2026,2022
Aether Industries Ltd.,IPO,642,03-06-2022,543534,AETHER,808.04,20.62,704,774.4,774.4,701,8.34,2.48,0.59,0.99,4.72,14-07-2026,2022
eMudhra Ltd.,IPO,256,01-06-2022,543533,EMUDHRA,412.79,0.74,270,257.9,279,256,2.17,0.7,1.45,,1.7,14-07-2026,2022
Ethos Ltd.,IPO,878,30-05-2022,543532,ETHOSLTD,402.26,-8.53,825,803.1,839.95,773,1.37,1.93,0.24,,1.06,14-07-2026,2022
Paradeep Phosphates Ltd.,IPO,42,27-05-2022,543530,PARADEEP,1501.73,4.52,44,43.9,47.25,43,1.99,0.67,0.86,,1.39,14-07-2026,2022
Delhivery Ltd.,IPO,487,24-05-2022,543529,DELHIVERY,5235,10.13,495.2,536.35,568.9,467.5,1.73,0.04,0.27,0.11,1.33,14-07-2026,2022
Venus Pipes & Tubes Ltd.,IPO,326,24-05-2022,543528,VENUSPIPES,165.42,8.7,337.5,354.35,354.35,337,5.36,14.76,13.33,,9.56,14-07-2026,2022
Prudent Corporate Advisory Services Ltd.,IPO,630,20-05-2022,543527,PRUDENT,428.28,-10.83,650,561.75,650,541,1.57,0.74,0.37,1.01,1.03,14-07-2026,2022
Life Insurance Corp.of India,IPO,949,17-05-2022,543526,LICI,20600,-7.77,872,875.25,918.95,860,1.73,2.43,1.61,2.95,2.05,14-07-2026,2022
Rainbow Children's Medicare Ltd.,IPO,542,10-05-2022,543524,RAINBOW,1580.85,-16.94,510,450.2,517.9,421.65,16.13,3.81,0.78,0.15,8.82,14-07-2026,2022
Campus Activewear Ltd.,IPO,292,09-05-2022,543523,CAMPUS,1399.77,29.76,360,378.9,418,337,61.38,21.54,6.22,0.69,35.95,14-07-2026,2022
Hariom Pipe Industries Ltd.,IPO,153,13-04-2022,543517,HARIOMPIPE,130.05,50.98,220,231,231,215.2,1.87,6.8,6.94,,5.37,14-07-2026,2022
Veranda Learning Solutions Ltd.,IPO,137,11-04-2022,543514,VERANDA,200,-4.2,125,131.25,131.25,125,1.78,3.81,4.4,,2.35,14-07-2026,2022
Uma Exports Ltd.,IPO,68,07-04-2022,543513,UMAEXPORTS,60,17.35,76,79.8,79.8,76,2.95,1.39,5.81,,4.47,14-07-2026,2022
Vedant Fashions Ltd.,IPO,866,16-02-2022,543463,MANYAVAR,3149.19,7.8,935,933.55,992.7,920,3.61,0.81,0.16,,1.99,14-07-2026,2022
Adani Wilmar Ltd.,IPO,230,08-02-2022,543458,AWL,3600,16.63,227,268.25,271.25,227,2.96,59.83,3.39,0.44,13.44,14-07-2026,2022
AGS Transact Technologies Ltd.,IPO,175,31-01-2022,543451,AGSTRA,680,-7.97,175,161.05,181.85,154,1.76,24.6,1.88,,5.23,14-07-2026,2022
Innova Captab Ltd.,IPO,448,29-12-2023,544067,INNOVACAP,570,20.85,452.1,541.4,542.5,452.1,46.93,65.01,17.02,,39.17,14-07-2026,2023
Azad Engineering Ltd.,IPO,524,28-12-2023,544061,AZAD,740,29.29,720,677.5,727,670,72.25,90.49,23.95,0.97,57.77,14-07-2026,2023
RBZ Jewellers Ltd.,IPO,100,27-12-2023,544060,RBZJEWEL,100,5,100,105,105,96,6.19,9.12,24.78,,13.58,14-07-2026,2023
Credo Brands Marketing Ltd.,IPO,280,27-12-2023,544058,MUFTI,549.78,11.5,282.35,312.2,324.8,261.6,43.39,52.27,19.47,,36.35,14-07-2026,2023
Happy Forgings Ltd.,IPO,850,27-12-2023,544057,HAPPYFORGE,1008.59,21.27,1000,1030.8,1087.4,961.25,86.32,63.14,15.02,,57.89,14-07-2026,2023
Muthoot Microfin Ltd.,IPO,291,26-12-2023,544055,MUTHOOTMF,960,-8.54,275.3,266.15,281,265.5,7.98,13.59,7.82,1.08,8.68,14-07-2026,2023
Motisons Jewellers Ltd.,IPO,55,26-12-2023,544053,MOTISONS,151.09,88.27,109,103.55,109.8,103.55,64.92,705.88,117.44,,213.54,14-07-2026,2023
Suraj Estate Developers Ltd.,IPO,360,26-12-2023,544054,SURAJEST,400,-7.08,340,334.5,354.45,324.05,10.92,19.89,9.54,,11.78,14-07-2026,2023
Inox India Ltd.,IPO,660,21-12-2023,544046,INOXINDIA,1459.32,42.42,949.65,939.95,990,855.1,59.58,52.74,14.68,,42.84,14-07-2026,2023
India Shelter Finance Corp.Ltd.,IPO,493,20-12-2023,544044,INDIASHLTR,1200,10.49,620,544.7,630,531,38.26,29.76,10.07,,27.12,14-07-2026,2023
DOMS Industries Ltd.,IPO,790,20-12-2023,544045,DOMS,1200,67.85,1400,1326.05,1434,1302,49.34,69.44,70.14,1.64,54.19,14-07-2026,2023
Flair Writing Industries Ltd.,IPO,304,01-12-2023,544030,FLAIR,593,48.32,501,450.9,514.4,450.9,49.32,35.58,13.37,,34.68,14-07-2026,2023
Tata Technologies Ltd.,IPO,500,30-11-2023,544028,TATATECH,3042.51,162.6,1200,1313,1400,1200,81.79,62.87,16.01,0.47,51.18,14-07-2026,2023
Gandhar Oil Refinery (India) Ltd.,IPO,169,30-11-2023,544029,GANDHAR,500.69,78.34,298,301.4,344.05,295.3,52.11,64.99,29.09,,45.99,14-07-2026,2023
Fedbank Financial Services Ltd.,IPO,140,30-11-2023,544027,FEDFINA,1092.26,0.18,138,140.25,148.25,133,2.03,1.51,1.8,0.44,1.85,14-07-2026,2023
Indian Renewable Energy Development Agency Ltd.,IPO,32,29-11-2023,544026,IREDA,2150.21,87.5,50,60,60,50,42.69,22.98,7.53,0.58,27.35,14-07-2026,2023
ASK Automotive Ltd.,IPO,282,15-11-2023,544022,ASKAUTOLTD,833.91,9.96,303.3,310.1,316.7,303.3,57.55,35.43,5.55,,36.03,14-07-2026,2023
ESAF Small Finance Bank Ltd.,IPO,60,10-11-2023,544020,ESAFSFB,463,15.08,71,69.05,74.8,68.55,73.45,88.93,17.83,1.05,54.68,14-07-2026,2023
Honasa Consumer Ltd.,IPO,324,07-11-2023,544014,HONASA,1701.44,4.04,330,337.1,340.45,321.1,5.22,4.02,1.31,0.67,4.65,14-07-2026,2023
Cello World Ltd.,IPO,648,06-11-2023,544012,CELLO,1900,22.18,829,791.7,837.4,782,49.78,24.45,3.17,1.05,29.5,14-07-2026,2023
Blue Jet Healthcare Ltd.,IPO,346,01-11-2023,544009,BLUEJET,840.27,19.48,380,413.4,417.95,378,6.2,13.48,2.25,,5.91,14-07-2026,2023
IRM Energy Ltd.,IPO,505,26-10-2023,544004,IRMENERGY,545,-6.31,477.25,473.15,483.7,450,18.33,48.98,9.07,0.39,19.3,14-07-2026,2023
Plaza Wires Ltd.,IPO,54,12-10-2023,544003,PLAZACABLE,71.28,48.52,76,80.2,80.2,75.7,26.2,387.25,360.04,,113.74,14-07-2026,2023
Valiant Laboratories Ltd.,IPO,140,06-10-2023,543998,VALIANTLAB,152.46,21.61,162.15,170.25,170.25,162.1,8.78,73.74,15.72,,20.95,14-07-2026,2023
Updater Services Ltd.,IPO,300,04-10-2023,543996,UDS,640,-5.37,285,283.9,298.65,282,2.44,0.87,1.39,,2.1,14-07-2026,2023
JSW Infrastructure Ltd.,IPO,119,03-10-2023,543994,JSWINFRA,2800,32.18,143,157.3,157.3,142.2,24.64,16.74,10.44,,22.03,14-07-2026,2023
Manoj Vaibhav Gems 'N' Jewellers Ltd.,IPO,215,03-10-2023,543995,MVGJL,270.2,0.23,215,215.5,222,210.1,1.04,5.35,1.67,,1.91,14-07-2026,2023
Yatra Online Ltd.,IPO,142,28-09-2023,543992,YATRA,775,-4.3,127.5,135.9,138.55,127.5,1.46,0.42,2.08,,1.37,14-07-2026,2023
Sai Silks (Kalamandir) Ltd.,IPO,222,27-09-2023,543989,KALAMANDIR,1201,10.32,231,244.9,247,230.95,5.51,2.56,0.87,,3.45,14-07-2026,2023
Signatureglobal (India) Ltd.,IPO,385,27-09-2023,543990,SIGNATURE,730,19.1,444,458.55,474,444,6.19,14.23,6.97,,7.47,14-07-2026,2023
SAMHI Hotels Ltd.,IPO,126,22-09-2023,543984,SAMHI,1370.1,13.81,134.5,143.4,146.6,127.25,4.32,1.26,1.11,,3.54,14-07-2026,2023
Zaggle Prepaid Ocean Services Ltd.,IPO,164,22-09-2023,543985,ZAGGLE,563.38,-3.45,164,158.35,176,155.3,7.45,9.13,5.94,,7.55,14-07-2026,2023
EMS Ltd.,IPO,211,21-09-2023,543983,EMSLIMITED,321.25,32.65,282.05,279.9,291,268,60.31,83.76,29.28,,52.97,14-07-2026,2023
R R Kabel Ltd.,IPO,1035,20-09-2023,543981,RRKABEL,1964.01,15.75,1180,1198.05,1212.7,1136.8,21.62,12.98,2.05,0.99,13.4,14-07-2026,2023
Jupiter Life Line Hospitals Ltd.,IPO,735,18-09-2023,543980,JLHL,869.08,46.36,973,1075.75,1108.95,970,75.72,36.44,7.66,,46.01,14-07-2026,2023
Ratnaveer Precision Engineering Ltd.,IPO,98,11-09-2023,543978,RATNAVEER,165.03,31.99,123.2,129.35,129.35,123,53.61,134.18,52.84,,65.42,14-07-2026,2023
Rishabh Instruments Ltd.,IPO,441,11-09-2023,543977,RISHABH,490.78,0.49,460.05,443.15,470,432.35,29.51,31.39,8.16,,22.32,14-07-2026,2023
Vishnu Prakash R.Punglia Ltd.,IPO,99,05-09-2023,543974,VPRPL,308.61,47.17,165,145.7,165,144,69.2,111.9,31.02,12.65,61.76,14-07-2026,2023
Aeroflex Industries Ltd.,IPO,108,31-08-2023,543972,AEROFLEX,351,51.16,190,163.25,196.35,162.3,76.9,131.4,34.55,,69.39,14-07-2026,2023
Pyramid Technoplast Ltd.,IPO,166,29-08-2023,543969,PYRAMID,153.05,7.02,187,177.65,188,177.65,4.69,32.25,14.24,,14.98,14-07-2026,2023
TVS Supply Chain Solutions Ltd.,IPO,197,23-08-2023,543965,TVSSCS,880,2.03,207.05,201,208.6,199,1.16,2.38,7.53,,1.98,14-07-2026,2023
Concord Biotech Ltd.,IPO,741,18-08-2023,543960,CONCORDBIO,1550.52,27.23,900.05,942.8,987.7,900.05,27.62,16.94,3.7,3.31,17.64,14-07-2026,2023
SBFC Finance Ltd.,IPO,57,16-08-2023,543959,SBFC,1025,61.75,82,92.2,95.45,82,82,52.08,11.15,6.15,52.23,14-07-2026,2023
Yatharth Hospital & Trauma Care Services Ltd.,IPO,300,07-08-2023,543950,YATHARTH,686.55,11.28,306.1,333.85,343.1,306.1,35.04,38.54,8.38,,26.24,14-07-2026,2023
Netweb Technologies India Ltd.,IPO,500,27-07-2023,543945,NETWEB,631,82.08,947,910.4,952,876.05,88.64,84.21,18.74,1.29,63.41,14-07-2026,2023
Utkarsh Small Finance Bank Ltd.,IPO,25,21-07-2023,543942,UTKARSHBNK,500,92,40,48,48,37.2,54.91,88.11,76.14,1.45,61.41,14-07-2026,2023
Senco Gold Ltd.,IPO,317,14-07-2023,543936,SENCO,405,27.85,430,405.3,444,401.2,76.81,68.13,15.73,,54.13,14-07-2026,2023
Cyient DLM Ltd.,IPO,265,10-07-2023,543933,CYIENTDLM,592,58.72,403,420.6,427,403,39.02,47.07,50.38,0.74,40.27,14-07-2026,2023
ideaForge Technology Ltd.,IPO,672,07-07-2023,543932,IDEAFORGE,567.24,92.7,1300,1294.95,1343.95,1260,51.13,78.41,82.03,2.36,58.23,14-07-2026,2023
HMA Agro Industries Ltd.,IPO,585,04-07-2023,543929,HMAAGRO,480,0.11,625,585.65,667,570,1.35,3.13,0.96,,1.48,14-07-2026,2023
IKIO Lighting Ltd.,IPO,285,16-06-2023,543923,IKIO,606.5,41.7,392.5,403.85,427.5,392,66.57,61.16,13.77,,47.28,14-07-2026,2023
Mankind Pharma Ltd.,IPO,1080,09-05-2023,543904,MANKIND,4326.36,0,1300,1080,1430,1300,20.32,3.59,0.89,,11.01,14-07-2026,2023
Avalon Technologies Ltd.,IPO,436,18-04-2023,543896,AVALON,865,-8.72,436,398,436,387.15,2.12,0.37,0.84,,1.73,14-07-2026,2023
Udayshivakumar Infra Ltd.,IPO,35,03-04-2023,543861,USK,66,-10,0,31.5,31.5,29.15,40.11,64.49,14.73,,32.2,14-07-2026,2023
Global Surfaces Ltd.,IPO,140,23-03-2023,543829,GSLSU,154.98,22.18,164,171.05,172.2,156.1,4.25,33.22,4.98,,8.85,14-07-2026,2023
Divgi TorqTransfer Systems Ltd.,IPO,590,14-03-2023,543812,DIVGIITTS,412.12,2.58,620,605.2,620,560,3.76,1.37,4.17,,3.44,14-07-2026,2023
Radiant Cash Management Services Ltd.,IPO,94,04-01-2023,543732,RADIANTCMS,256.64,11.6,103,104.9,116.8,98.1,1.68,1.07,0.3,,1.1,14-07-2026,2023
Unimech Aerospace & Manufacturing Ltd.,IPO,785,31-12-2024,544322,UNIMECH,500,75.32,1460,1376.25,1485,1327.75,133.73,275.23,57.86,1.36,128.02,14-07-2026,2024
Ventive Hospitality Ltd.,IPO,643,30-12-2024,544321,VENTIVE,1600,9.54,716,704.35,749,702,4.43,14.54,6.19,0.55,6.12,14-07-2026,2024
Carraro India Ltd.,IPO,704,30-12-2024,544320,CARRARO,1250,-9.63,651,636.2,682,631,1.56,0.59,0.72,,1.12,14-07-2026,2024
Senores Pharmaceuticals Ltd.,IPO,391,30-12-2024,544319,SENORES,582.11,42.66,593.7,557.8,609,538.85,40.12,98.1,94.87,1.01,54.02,14-07-2026,2024
Transrail Lighting Ltd.,IPO,432,27-12-2024,544317,TRANSRAILL,838.91,28.14,590,553.55,605,544.5,79.49,78.1,23.08,0.39,58.2,14-07-2026,2024
Concord Enviro Systems Ltd.,IPO,701,27-12-2024,544315,CEWATER,500.33,17.99,826,827.1,860,801,7.39,14.4,5.68,,7.84,14-07-2026,2024
Sanathan Textiles Ltd.,IPO,321,27-12-2024,544314,SANATHAN,550,20.98,422.3,388.35,423,382,32.51,44.26,9.3,,26.15,14-07-2026,2024
DAM Capital Advisors Ltd.,IPO,283,27-12-2024,544316,DAMCAPITAL,840.25,46.68,393,415.1,456.9,392.95,67.08,98.1,27.22,1.47,57.65,14-07-2026,2024
Mamata Machinery Ltd.,IPO,243,27-12-2024,544318,MAMATA,179.35,159.26,600,630,630,600,94.92,272.75,139.29,1.27,136.48,14-07-2026,2024
International Gemmological Institute (India) Ltd.,IPO,417,20-12-2024,544311,IGIL,4225,12.99,510,471.15,525,459,19.83,25.84,11.48,1.09,19.89,14-07-2026,2024
Inventurus Knowledge Solutions Ltd.,IPO,1329,19-12-2024,544309,IKS,2497.92,47.54,1900,1960.85,2031,1852.1,32.84,23.13,14.65,0.53,29.46,14-07-2026,2024
Vishal Mega Mart Ltd.,IPO,78,18-12-2024,544307,VMM,8000,43.5,104,111.93,114.4,104,34.65,14.96,2.44,,20.42,14-07-2026,2024
Sai Life Sciences Ltd.,IPO,549,18-12-2024,544306,SAILIFE,3042.62,39.28,650,764.65,780,650,12.54,4.99,1.36,,7.5,14-07-2026,2024
One Mobikwik Systems Ltd.,IPO,279,18-12-2024,544305,MOBIKWIK,572,89.25,440,528,528,440,50.81,114.38,143.52,,69.61,14-07-2026,2024
Suraksha Diagnostic Ltd.,IPO,441,06-12-2024,544293,SURAKSHA,846.25,0,438,441,449,414.95,1.31,1.39,0.88,,1.17,14-07-2026,2024
Enviro Infra Engineers Ltd.,IPO,148,29-11-2024,544290,EIEL,650.3,39.91,220,207.07,233.7,205.05,63.5,152.57,23.86,1.06,62.85,14-07-2026,2024
NTPC Green Energy Ltd.,IPO,108,27-11-2024,544289,NTPCGREEN,10000,12.64,111.5,121.65,122.65,111.5,2.01,0.84,3.6,0.45,1.91,14-07-2026,2024
Zinka Logistics Solutions Ltd.,IPO,273,22-11-2024,544288,BLACKBUCK,1114.72,-4.69,279.05,260.2,285.8,255.25,1.53,0.23,1.6,0.86,1.34,14-07-2026,2024
Niva Bupa Health Insurance Co.Ltd.,IPO,74,14-11-2024,544286,NIVABUPA,2200,0,78.5,74,80.94,73.6,1.49,0.7,2.77,,1.5,14-07-2026,2024
Swiggy Ltd.,IPO,390,13-11-2024,544285,SWIGGY,11300,16.92,420,456,465.8,391,3.01,0.39,1.06,0.45,2.42,14-07-2026,2024
ACME Solar Holdings Ltd.,IPO,289,13-11-2024,544283,ACMESOLAR,2900,-12.4,251,253.15,276.1,248.5,2.12,0.95,3.12,0.22,2.04,14-07-2026,2024
Sagility India Ltd.,IPO,30,12-11-2024,544282,SAGILITY,2106.4,-2.27,31.06,29.32,32.87,28.95,2.04,1.88,3.98,0.51,2.2,14-07-2026,2024
Afcons Infrastructure Ltd.,IPO,463,04-11-2024,544280,AFCONS,5430,2.42,426,474.2,479.45,420.25,2.19,5.23,0.94,0.86,2.2,14-07-2026,2024
Godavari Biorefineries Ltd.,IPO,352,30-10-2024,544279,GODAVARIB,554.75,-2.5,308,343.2,354.45,308,1.77,0.89,1.68,,1.61,14-07-2026,2024
Waaree Energies Ltd.,IPO,1503,28-10-2024,544277,WAAREEENER,4321.44,55.62,2500,2338.9,2624.4,2300,86.51,64.65,11.06,1.01,55.98,14-07-2026,2024
Deepak Builders & Engineers India Ltd.,IPO,203,28-10-2024,544276,DBEIL,260.04,-20.22,200,161.95,200,160.51,6.03,81.74,38.95,,28.91,14-07-2026,2024
Hyundai Motor India Ltd.,IPO,1960,22-10-2024,544274,HYUNDAI,27900,-7.16,1934,1819.6,1970,1807,3.4,0.57,0.44,0.79,1.93,14-07-2026,2024
Garuda Construction & Engineering Ltd.,IPO,95,15-10-2024,544271,GARUDA,264.1,11.96,105,106.36,120.99,100.36,1.13,8.93,10.56,,5.6,14-07-2026,2024
Diffusion Engineers Ltd.,IPO,168,04-10-2024,544264,DIFFNKG,157.96,20.93,193.5,203.17,203.17,193.05,38.77,76.42,83.84,1.2,59.88,14-07-2026,2024
KRN Heat Exchanger & Refrigeration Ltd.,IPO,220,03-10-2024,544263,KRN,341.95,117.63,480,478.79,513.5,450,102.4,428.12,101.07,,151.95,14-07-2026,2024
Manba Finance Ltd.,IPO,120,30-09-2024,544262,MANBA,150.84,31.21,150,157.45,157.45,144,58,511.91,139.75,,154.7,14-07-2026,2024
Western Carriers (India) Ltd.,IPO,172,24-09-2024,544258,WCIL,492.88,-7.3,171,159.44,177,158.51,12.01,46.53,27.21,,22.51,14-07-2026,2024
Arkade Developers Ltd.,IPO,128,24-09-2024,544261,ARKADE,410,29.58,175,165.86,190,164.8,69.48,174.23,58.03,1.07,80.78,14-07-2026,2024
Northern Arc Capital Ltd.,IPO,263,24-09-2024,544260,NORTHARC,777,22.97,350,323.4,350,308.2,97.41,149.32,32.85,1.03,80.97,14-07-2026,2024
P N Gadgil Jewellers Ltd.,IPO,480,17-09-2024,544256,PNGJL,1100,65.27,830,793.3,848,781.5,58.18,58.89,17.73,,44.13,14-07-2026,2024
Bajaj Housing Finance Ltd.,IPO,70,16-09-2024,544252,BAJAJHFL,6560,135.71,150,165,165,146,89.67,42.85,7.54,0.77,49.63,14-07-2026,2024
Kross Ltd.,IPO,240,16-09-2024,544253,KROSS,500,8.25,240,259.81,270.89,231.96,10.44,23.36,11.48,,12.74,14-07-2026,2024
Tolins Tyres Ltd.,IPO,226,16-09-2024,544254,TOLINS,230,5.93,228,239.4,239.4,227.5,11.43,28.72,22.31,,17.83,14-07-2026,2024
Shree Tirupati Balajee Agro Trading Co.Ltd.,IPO,83,12-09-2024,544249,BALAJEE,169.65,13.86,90,94.5,94.5,90,60.56,209.02,71.62,,86.7,14-07-2026,2024
Gala Precision Engineering Ltd.,IPO,529,09-09-2024,544244,GALAPREC,167.93,43.13,721.1,757.15,757.15,721.1,92.68,425.84,102.38,1.06,145.78,14-07-2026,2024
Baazar Style Retail Ltd.,IPO,389,06-09-2024,544243,STYLEBAAZA,834.68,2.83,389,400,431.15,378.4,33.32,59.53,9.36,0.69,28.83,14-07-2026,2024
ECOS (India) Mobility & Hospitality Ltd.,IPO,334,04-09-2024,544239,ECOSMOBLTY,601.2,32.68,390,443.15,456,380,55.38,70.23,19.31,,44.98,14-07-2026,2024
Premier Energies Ltd.,IPO,450,03-09-2024,544238,PREMIERENE,2830.4,86.64,990,839.9,994.55,802.1,85.49,50.73,7.59,1.32,52.82,14-07-2026,2024
Orient Technologies Ltd.,IPO,206,28-08-2024,544235,ORIENTTECH,214.76,46.8,288,302.4,302.4,287.2,75.42,302.28,66.68,,106.39,14-07-2026,2024
Interarch Building Products Ltd.,IPO,900,26-08-2024,544232,INTERARCH,600.29,32.94,1220,1196.45,1230,1192,79.44,127.48,20.4,1.52,65.75,14-07-2026,2024
Saraswati Saree Depot Ltd.,IPO,160,20-08-2024,544230,SSDL,160.01,27.31,194,203.7,203.7,186,63.3,360.72,64.8,,108.44,14-07-2026,2024
Unicommerce eSolutions Ltd.,IPO,108,13-08-2024,544227,UNIECOM,276.57,94.52,235,210.08,255.99,206,55.83,254.2,136.56,,93.66,14-07-2026,2024
Brainbees Solutions Ltd.,IPO,465,13-08-2024,544226,FIRSTCRY,4193.73,46.04,651,679.1,707.7,640,8.32,4.69,2.38,1.46,7.17,14-07-2026,2024
Ola Electric Mobility Ltd.,IPO,76,09-08-2024,544225,OLAELEC,6145.56,20,76,91.2,91.2,76,2.84,2.2,3.86,1.23,2.85,14-07-2026,2024
Ceigall India Ltd.,IPO,401,08-08-2024,544223,CEIGALL,1252.66,-3.55,419,386.75,424.8,383.25,13.13,14.85,3.89,1.08,10.14,14-07-2026,2024
Akums Drugs & Pharmaceuticals Ltd.,IPO,679,06-08-2024,544222,AKUMS,1856.74,17.27,725,796.25,797.5,725,36.57,42.15,21.02,1,35.54,14-07-2026,2024
Sanstar Ltd.,IPO,95,26-07-2024,544217,SANSTAR,510.15,21.13,109,115.07,128.79,107.1,58.84,135.23,23.54,,57.94,14-07-2026,2024
Emcure Pharmaceuticals Ltd.,IPO,1008,10-07-2024,544210,EMCURE,1952.03,34.84,1325.05,1359.15,1385,1325.05,76.95,49.21,7.23,2.27,48.13,14-07-2026,2024
Bansal Wire Industries Ltd.,IPO,256,10-07-2024,544209,BANSALWIRE,745,36.86,356,350.35,372,336,62.01,54.16,14.16,,44.08,14-07-2026,2024
Vraj Iron & Steel Ltd.,IPO,207,03-07-2024,544204,VRAJ,171,21.74,240,252,252,240,69.92,221.52,57.55,,88.33,14-07-2026,2024
Allied Blenders & Distillers Ltd.,IPO,281,02-07-2024,544203,ABDL,1500,13.13,320,317.9,324.8,306.7,21.76,34.06,4.73,0.85,17.61,14-07-2026,2024
Stanley Lifestyles Ltd.,IPO,369,28-06-2024,544202,STANLEY,537.02,28.66,494.95,474.75,509.4,470.2,86.67,121.66,19.27,,68.33,14-07-2026,2024
DEE Development Engineers Ltd.,IPO,203,26-06-2024,544198,DEEDEV,418.01,65.18,339,335.32,365.7,310,83.87,147.1,24.89,1.95,72.53,14-07-2026,2024
Akme Fintrade (India) Ltd.,IPO,120,26-06-2024,544200,AFIL,132,11.12,127,133.35,133.35,127,11.68,130.98,45.75,0.32,39.44,14-07-2026,2024
Le Travenues Technology Ltd.,IPO,93,18-06-2024,544192,IXIGO,740.1,78.19,138.1,165.72,165.72,135,43.1,110.89,54.44,,54.4,14-07-2026,2024
Kronox Lab Sciences Ltd.,IPO,136,10-06-2024,544187,KRONOX,130.15,17.15,164.95,159.32,165.6,156.7,35.53,304.26,54.9,,82.62,14-07-2026,2024
Awfis Space Solutions Ltd.,IPO,383,30-05-2024,544181,AWFIS,598.93,10.12,435,421.75,451.45,415.2,47.18,130.09,53.74,0.35,60.05,14-07-2026,2024
Go Digit General Insurance Ltd.,IPO,272,23-05-2024,544179,GODIGIT,2614.65,12.5,286,306,314,280,5.61,7.23,4.08,,5.7,14-07-2026,2024
TBO Tek Ltd.,IPO,920,15-05-2024,544174,TBOTEK,1550.81,52.86,1426,1406.3,1455.95,1275,50.73,50.59,25.94,1.27,48.14,14-07-2026,2024
Aadhar Housing Finance Ltd.,IPO,315,15-05-2024,544176,AADHARHFC,3000,4.59,315,329.45,343.7,292,31.13,17.31,2.52,1.74,19,14-07-2026,2024
Indegene Ltd.,IPO,452,13-05-2024,544172,INDGN,1841.76,26.31,655,570.9,660,527.1,77.5,56.44,8.25,1.04,49.75,14-07-2026,2024
JNK India Ltd.,IPO,415,30-04-2024,544167,JNKINDIA,649.47,67.36,621,694.55,712,621,31.58,19.92,4.17,,20.24,14-07-2026,2024
Bharti Hexacom Ltd.,IPO,570,12-04-2024,544162,BHARTIHEXA,4275,42.68,755,813.3,880,755,20.07,10.28,2.74,,16.87,14-07-2026,2024
SRM Contractors Ltd.,IPO,210,03-04-2024,544158,SRM,130.2,7.62,215.25,226,226,215.25,23.91,214.68,45.86,,60.21,14-07-2026,2024
Krystal Integrated Services Ltd.,IPO,715,21-03-2024,544149,KRYSTAL,300.12,-0.3,785,712.85,793.8,703.05,3.54,45.38,3.32,,9.74,14-07-2026,2024
Popular Vehicles & Services Ltd.,IPO,295,19-03-2024,544144,PVSL,601.55,-6.39,289.2,276.15,289.2,262.4,1.52,0.66,1.03,0.61,1.22,14-07-2026,2024
Gopal Snacks Ltd.,IPO,401,14-03-2024,544140,GOPAL,650,-9.55,351,362.7,384.8,341.8,7.99,9.95,4.08,0.81,6.88,14-07-2026,2024
J.G.Chemicals Ltd.,IPO,221,13-03-2024,544138,JGCHEM,251.19,-16.38,209,184.8,213.75,181.3,13.41,47.72,17.59,,20.02,14-07-2026,2024
R K SWAMY Ltd.,IPO,288,12-03-2024,544136,RKSWAMY,423.56,-8.82,250,262.6,284.9,243,8.85,34.16,33.33,0.49,14.81,14-07-2026,2024
Mukka Proteins Ltd.,IPO,28,07-03-2024,544135,MUKKA,224,50.89,40,42.25,42.25,38.25,76.64,246.54,57.27,,95.35,14-07-2026,2024
Platinum Industries Ltd.,IPO,171,05-03-2024,544134,PLATIND,235.32,29.36,225,221.2,236.25,221,61.19,141.66,50.17,,69.4,14-07-2026,2024
Exicom Tele-Systems Ltd.,IPO,142,05-03-2024,544133,EXICOM,429,58.42,265,224.95,274.5,219,56.23,158.82,121.61,,78.16,14-07-2026,2024
GPT Healthcare Ltd.,IPO,186,29-02-2024,544131,GPTHEALTH,525.14,7.9,215,200.7,219.9,196.1,7.57,11.03,2.35,,6.26,14-07-2026,2024
Juniper Hotels Ltd.,IPO,360,28-02-2024,544129,JUNIPER,1800,11.53,365,401.5,401.5,365,1.9,0.88,1.29,,1.68,14-07-2026,2024
Vibhor Steel Tubes Ltd.,IPO,151,20-02-2024,544124,VSTL,72.17,195.53,425,446.25,446.25,420,75.42,770.67,197.91,1.06,221.21,14-07-2026,2024
Entero Healthcare Solutions Ltd.,IPO,1258,16-02-2024,544122,ENTERO,1600,-8.62,1228.7,1149.55,1258,1141,1.53,0.21,1.32,0.22,1.31,14-07-2026,2024
Rashi Peripherals Ltd.,IPO,311,14-02-2024,544119,RPTECH,600,3.38,339.5,321.5,342.7,318,61.02,65.97,10.98,,44.25,14-07-2026,2024
Jana Small Finance Bank Ltd.,IPO,414,14-02-2024,544118,JSFB,570,-11.07,396,368.15,409,365,16.59,26.18,5.81,0.87,13.94,14-07-2026,2024
Capital Small Finance Bank Ltd.,IPO,468,14-02-2024,544120,CAPITALSFB,523.07,-7.05,430.25,435,462.9,421,3.4,4.11,2.62,,3.23,14-07-2026,2024
Apeejay Surrendra Park Hotels Ltd.,IPO,155,12-02-2024,544111,PARKHOTELS,920,31.32,186,203.55,223.2,171.25,32.47,54.14,31.25,0.09,35.19,14-07-2026,2024
BLS E-Services Ltd.,IPO,135,06-02-2024,544107,BLSE,309.29,171.11,305,366,366,303.1,49.54,298.02,226.49,,94.98,14-07-2026,2024
Nova AgriTech Ltd.,IPO,41,31-01-2024,544100,NOVAAGRI,143.81,40.85,55,57.75,57.75,55,32.51,232.54,78.22,,78.51,14-07-2026,2024
EPACK Durable Ltd.,IPO,230,30-01-2024,544095,EPACK,640.05,-9.74,221,207.6,224.5,206.2,10.89,29.06,6.44,,12.06,14-07-2026,2024
Medi Assist Healthcare Services Ltd.,IPO,418,23-01-2024,544088,MEDIASSIST,1171.58,11.03,460,464.1,518,445,16.68,14.76,3.07,,11.63,14-07-2026,2024
Jyoti CNC Automation Ltd.,IPO,331,16-01-2024,544081,JYOTICNC,1000,31.18,370,434.2,444,368,19.08,38.31,26.48,1.89,22.59,14-07-2026,2024
Travel Food Services Ltd.,IPO,1100,14-07-2025,544443,TRAVELFOOD,2000,-2.29,1125,1074.8,1130,1066,3.83,1.62,0.69,0.26,2.4,14-07-2026,2025
Crizac Ltd.,IPO,245,09-07-2025,544439,CRIZAC,860,25.56,281.05,307.63,309.15,275,57.16,79.49,10.54,,44.19,14-07-2026,2025
Indogulf Cropsciences Ltd.,IPO,111,03-07-2025,544432,IGCL,200,-0.59,111,110.35,113,106,1.95,50.72,15.33,0.37,13.5,14-07-2026,2025
Sambhv Steel Tubes Ltd.,IPO,82,02-07-2025,544430,SAMBHV,540,19.01,110,97.59,111,96.25,27.26,33.62,8.35,0.7,21.49,14-07-2026,2025
HDB Financial Services Ltd.,IPO,740,02-07-2025,544429,HDBFS,12500,13.64,835,840.95,851.4,827.15,24.05,10.24,1.43,1.99,13.07,14-07-2026,2025
Globe Civil Projects Ltd.,IPO,71,01-07-2025,544424,GLOBECIVIL,119,33.04,90,94.46,94.5,87,40.66,142.1,52.61,,60.06,14-07-2026,2025
Ellenbarrie Industrial Gases Ltd.,IPO,400,01-07-2025,544421,ELLEN,852.53,33.65,486,534.6,534.6,486,25.92,15.54,2.14,,16.04,14-07-2026,2025
Kalpataru Ltd.,IPO,414,01-07-2025,544423,KALPATARU,1590,4.58,414,432.95,452.8,414,1.93,1.39,1.35,0.48,1.78,14-07-2026,2025
Oswal Pumps Ltd.,IPO,614,20-06-2025,544418,OSWALPUMPS,1387.34,1.85,634,625.35,652,622.25,35.89,38.19,3.59,,24.93,14-07-2026,2025
Scoda Tubes Ltd.,IPO,140,04-06-2025,544411,SCODATUBES,220,5,140,147,147,135.1,30.23,122.2,20.23,,40.52,14-07-2026,2025
Prostarm Info Systems Ltd.,IPO,105,03-06-2025,544410,PROSTARM,168,20,120,126,126,120,41.8,222.75,38.12,,67.65,14-07-2026,2025
Aegis Vopak Terminals Ltd.,IPO,235,02-06-2025,544407,AEGISVOPAK,2800,2.98,220,242,242,220,1.97,0.64,0.78,,1.66,14-07-2026,2025
Schloss Bangalore Ltd.,IPO,435,02-06-2025,544408,THELEELA,3500,0.13,406,435.55,438.9,405,3.74,1.06,0.83,,3.05,14-07-2026,2025
Belrise Industries Ltd.,IPO,90,28-05-2025,544405,BELRISE,2150,8.23,100,97.41,102.4,91.55,0.98,40.78,4.4,,8.15,14-07-2026,2025
Borana Weaves Ltd.,IPO,216,27-05-2025,544404,BORANA,144.89,18.13,243,255.15,255.15,243,35.27,237.23,192.74,,81.31,14-07-2026,2025
Ather Energy Ltd.,IPO,321,06-05-2025,544397,ATHERENERG,2980.76,-5.83,328,302.3,333,299.1,1.3,0.68,1.76,1.62,1.26,14-07-2026,2025
Quality Power Electrical Equipments Ltd.,IPO,425,24-02-2025,544367,QPOWER,858.7,-8.73,430,387.9,430.75,382.5,1.01,0.77,1.72,,1.05,14-07-2026,2025
Hexaware Technologies Ltd.,IPO,708,19-02-2025,544362,HEXT,8750,7.7,745.5,762.55,788,708,4.42,0.21,0.1,0.21,2.25,14-07-2026,2025
Ajax Engineering Ltd.,IPO,629,17-02-2025,544356,AJAXENGG,1268.93,-5.34,576,595.4,609,566,6.46,6.41,1.89,0.9,4.84,14-07-2026,2025
Dr.Agarwal's Health Care Ltd.,IPO,402,04-02-2025,544350,AGARWALEYE,3027.26,-0.09,402,401.65,412.9,370.2,2.48,0.37,0.39,0.05,1.39,14-07-2026,2025
Denta Water & Infra Solutions Ltd.,IPO,294,29-01-2025,544345,DENTA,220.5,16.07,325,341.25,341.25,325,94.71,505.15,89.36,,154.4,14-07-2026,2025
Stallion India Fluorochemicals Ltd.,IPO,90,23-01-2025,544342,STALLION,199.45,40,120,126,126,120,69.58,424.11,94.51,,131.49,14-07-2026,2025
Laxmi Dental Ltd.,IPO,428,20-01-2025,544339,LAXMIDENTL,698.06,28.63,542,550.55,584,525,44.6,147.44,75.35,,63.1,14-07-2026,2025
Quadrant Future Tek Ltd.,IPO,290,14-01-2025,544336,QUADFUTURE,290,53.1,370,444,444,362.1,56.72,265.68,256.63,,108.05,14-07-2026,2025
Indo Farm Equipment Ltd.,IPO,215,07-01-2025,544328,INDOFARM,260.15,27.3,256,273.69,287,256,97.11,498.49,102.57,,159.23,14-07-2026,2025
